"Run","subFuncID","AIC","BIC"
1,1,-4.24502712735385,7.76770800794664
1,2,-85.0849312179894,-73.0721960826889
1,3,-108.424791887791,-84.3993216171899
1,4,-36.3460338077201,-24.3332986724196
1,5,-207.903673264121,-183.87820299352
1,6,-124.162081944539,-100.136611673938
1,7,-383.023830446536,-346.985625040635
1,8,-7.43348598862997,4.57924914667052
1,9,-9.59562074837564,14.4298495222253
1,10,-97.0260994160396,-73.0006291454386
1,11,-145.919280872884,-109.881075466982
1,12,-56.2776187557099,-32.252148485109
1,13,-370.288082413036,-334.249877007135
1,14,-212.683826745269,-176.645621339367
1,15,-643.465529724504,-595.414589183302
1,16,-223.794752586375,-211.782017451074
1,17,-388.562366900704,-364.536896630103
1,18,-251.401060223853,-227.375589953252
1,19,-463.597179788886,-427.558974382985
1,20,-447.36563249718,-423.340162226579
1,21,-473.384280082228,-437.346074676327
1,22,-470.491723344542,-434.453517938641
1,23,-471.308804696778,-423.257864155576
1,24,-745.711729040229,-721.686258769628
1,25,-742.235846799083,-706.197641393181
1,26,-745.506151199699,-709.467945793797
1,27,-746.386743255792,-698.33580271459
1,28,-742.36550593497,-706.327300529069
1,29,-746.740394974794,-698.689454433592
1,30,-746.800479150867,-698.749538609665
1,31,-742.942751818217,-682.879076141714
2,1,-1.07998251079481,10.9327526245057
2,2,-83.7448809973792,-71.7321458620787
2,3,-103.732847566151,-79.7073772955497
2,4,-26.6417515038497,-14.6290163685492
2,5,-204.77485278501,-180.749382514409
2,6,-118.023282389477,-93.9978121188759
2,7,-329.845611395295,-293.807405989394
2,8,-4.51209347030884,7.50064166499165
2,9,-8.11389319319137,15.9115770774096
2,10,-85.3546337775456,-61.3291635069446
2,11,-130.643494996358,-94.6052895904563
2,12,-41.5378793163659,-17.5124090457649
2,13,-346.235595468421,-310.197390062519
2,14,-193.081601979665,-157.043396573763
2,15,-549.870518031921,-501.819577490719
2,16,-206.241362534963,-194.228627399663
2,17,-381.676030984571,-357.65056071397
2,18,-238.455044475157,-214.429574204556
2,19,-435.300701943588,-399.262496537686
2,20,-439.745521997947,-415.720051727346
2,21,-453.538220404517,-417.500014998616
2,22,-448.513203839078,-412.474998433176
2,23,-456.740173260644,-408.689232719442
2,24,-706.353843348938,-682.328373078337
2,25,-702.446780800415,-666.408575394513
2,26,-702.480147446834,-666.441942040932
2,27,-698.481227775132,-650.43028723393
2,28,-702.441683451417,-666.403478045515
2,29,-699.22819436266,-651.177253821458
2,30,-698.715101138403,-650.664160597202
2,31,-697.489819876241,-637.426144199738
3,1,-4.29642954308834,7.71630559221215
3,2,-81.8485231505373,-69.8357880152368
3,3,-103.633162480797,-79.6076922101963
3,4,-26.6156981929348,-14.6029630576343
3,5,-202.955035975526,-178.929565704925
3,6,-116.086260808262,-92.0607905376608
3,7,-337.502104698568,-301.463899292666
3,8,-1.80234553547489,10.2103895998256
3,9,-3.76910643096089,20.2563638396401
3,10,-87.0150169825537,-62.9895467119528
3,11,-145.006001518932,-108.96779611303
3,12,-53.1890751306667,-29.1636048600657
3,13,-360.21846165077,-324.180256244868
3,14,-207.088892382566,-171.050686976665
3,15,-575.01286042858,-526.961919887378
3,16,-200.398922013642,-188.386186878341
3,17,-387.052982773098,-363.027512502497
3,18,-232.320962042466,-208.295491771865
3,19,-446.992299932659,-410.954094526757
3,20,-448.499900139585,-424.474429868984
3,21,-466.348581465265,-430.310376059364
3,22,-460.570243075896,-424.532037669994
3,23,-470.49500776267,-422.444067221468
3,24,-741.086786486818,-717.061316216217
3,25,-737.193877251653,-701.155671845752
3,26,-737.462985165684,-701.424779759782
3,27,-733.679991045353,-685.629050504151
3,28,-737.233379909869,-701.195174503968
3,29,-734.989575048003,-686.938634506801
3,30,-734.206673636539,-686.155733095337
3,31,-733.227687086549,-673.164011410046
4,1,-2.20594593199995,9.80678920330054
4,2,-140.585304020485,-128.572568885184
4,3,-167.15326935793,-143.127799087329
4,4,-47.5182272499585,-35.505492114658
4,5,-264.089470616319,-240.064000345718
4,6,-179.773812641171,-155.74834237057
4,7,-349.320281337746,-313.282075931844
4,8,-11.2762382880811,0.736496847219401
4,9,-14.7781924626632,9.24727780793777
4,10,-140.419434435254,-116.393964164653
4,11,-228.142829074675,-192.104623668773
4,12,-68.307553003789,-44.282082733188
4,13,-460.085443020798,-424.047237614897
4,14,-297.397506782227,-261.359301376326
4,15,-612.625493237463,-564.574552696261
4,16,-254.514193268324,-242.501458133023
4,17,-437.823744684703,-413.798274414102
4,18,-300.18304973041,-276.157579459809
4,19,-471.721306790942,-435.683101385041
4,20,-487.004701300561,-462.97923102996
4,21,-493.481188195276,-457.442982789374
4,22,-488.533216827102,-452.4950114212
4,23,-509.160406735471,-461.109466194269
4,24,-799.003251935534,-774.977781664933
4,25,-795.110963269752,-759.072757863851
4,26,-796.010377238249,-759.972171832348
4,27,-797.22230509867,-749.171364557468
4,28,-796.493036949336,-760.454831543434
4,29,-795.8539156205,-747.802975079298
4,30,-796.687507306489,-748.636566765288
4,31,-796.529026291427,-736.465350614924
5,1,0.814960538806134,12.8276956741066
5,2,-141.416965781882,-129.404230646582
5,3,-151.773708171914,-127.748237901313
5,4,-32.2399517249915,-20.227216589691
5,5,-259.072547985777,-235.047077715176
5,6,-161.859803651479,-137.834333380878
5,7,-398.21867761877,-362.180472212869
5,8,-12.6854115551651,-0.672676419864626
5,9,-24.0615422861191,-0.03607201551808
5,10,-138.283834318483,-114.258364047882
5,11,-181.969209285035,-145.931003879134
5,12,-38.268758127757,-14.243287857156
5,13,-401.502250016278,-365.464044610376
5,14,-236.474733258229,-200.436527852328
5,15,-615.662979125953,-567.612038584751
5,16,-236.970939871783,-224.958204736483
5,17,-448.411743814289,-424.386273543688
5,18,-278.313183785597,-254.287713514996
5,19,-508.86288795569,-472.824682549789
5,20,-509.019207735123,-484.993737464522
5,21,-526.971436593391,-490.933231187489
5,22,-521.677119055526,-485.638913649624
5,23,-530.652870365215,-482.601929824013
5,24,-777.873593518513,-753.848123247912
5,25,-775.882054156704,-739.843848750802
5,26,-775.714637017809,-739.676431611907
5,27,-771.980924235844,-723.929983694642
5,28,-775.429317800136,-739.391112394234
5,29,-772.311276942913,-724.260336401711
5,30,-772.223051962482,-724.17211142128
5,31,-769.929298091867,-709.865622415365
6,1,-0.675597313234479,11.337137822066
6,2,-137.093474191738,-125.080739056437
6,3,-162.445555994394,-138.420085723793
6,4,-43.7847967591079,-31.7720616238074
6,5,-266.189209492472,-242.163739221871
6,6,-175.968169062511,-151.94269879191
6,7,-408.956132071293,-372.917926665391
6,8,-12.2279100982038,-0.215174962903351
6,9,-15.0856126267229,8.9398576438781
6,10,-136.018487357383,-111.993017086782
6,11,-209.899637659581,-173.86143225368
6,12,-58.7864847181651,-34.7610144475641
6,13,-432.979293514392,-396.94108810849
6,14,-273.302302107797,-237.264096701896
6,15,-656.352335043465,-608.301394502263
6,16,-250.96541871364,-238.952683578339
6,17,-434.404703061246,-410.379232790645
6,18,-295.012585543165,-270.987115272564
6,19,-482.521763015356,-446.483557609455
6,20,-479.695346031067,-455.669875760466
6,21,-488.472866117829,-452.434660711928
6,22,-487.355578618764,-451.317373212863
6,23,-486.709576779428,-438.658636238226
6,24,-754.060049891353,-730.034579620752
6,25,-750.964976200508,-714.926770794606
6,26,-750.776081748205,-714.737876342303
6,27,-747.658246813639,-699.607306272437
6,28,-751.008626638374,-714.970421232473
6,29,-747.14246253376,-699.091521992558
6,30,-747.41615133832,-699.365210797118
6,31,-745.38108294597,-685.317407269468
7,1,-2.74277278081684,9.26996235448365
7,2,-100.421632748991,-88.4088976136904
7,3,-130.733569130038,-106.708098859437
7,4,-47.0842197530947,-35.0714846177943
7,5,-226.524987527911,-202.49951725731
7,6,-146.004296740622,-121.978826470021
7,7,-331.38109302008,-295.342887614178
7,8,-14.5316293735145,-2.518894238214
7,9,-16.1880666292589,7.8374036413421
7,10,-103.408622279194,-79.383152008593
7,11,-163.637607866928,-127.599402461026
7,12,-60.4637198513314,-36.4382495807304
7,13,-367.093620818964,-331.055415413062
7,14,-223.909624685714,-187.871419279813
7,15,-538.602676308671,-490.551735767469
7,16,-236.210323168496,-224.197588033196
7,17,-376.278997730736,-352.253527460135
7,18,-264.773115343658,-240.747645073057
7,19,-409.175634402992,-373.13742899709
7,20,-413.16394820121,-389.138477930609
7,21,-417.731187104494,-381.692981698593
7,22,-415.755402424466,-379.717197018565
7,23,-416.27327843727,-368.222337896068
7,24,-647.867086255386,-623.841615984785
7,25,-645.054888369236,-609.016682963334
7,26,-644.257459024649,-608.219253618747
7,27,-641.552544340889,-593.501603799687
7,28,-645.446984507999,-609.408779102097
7,29,-641.533441002443,-593.482500461241
7,30,-641.538257466393,-593.487316925191
7,31,-637.563088795207,-577.499413118704
8,1,-4.91123618974215,7.10149894555834
8,2,-220.741009093986,-208.728273958686
8,3,-238.14016875703,-214.114698486429
8,4,-32.363534746085,-20.3507996107845
8,5,-322.898117856576,-298.872647585975
8,6,-242.163606641836,-218.138136371235
8,7,-385.098885961421,-349.06068055552
8,8,-2.81687134860075,9.19586378669974
8,9,-10.6381994779912,13.3872707926098
8,10,-249.269393131105,-225.243922860504
8,11,-334.729253218756,-298.691047812855
8,12,-56.4309910592621,-32.4055207886612
8,13,-523.634526937799,-487.596321531897
8,14,-382.442010684279,-346.403805278378
8,15,-629.36761586178,-581.316675320578
8,16,-222.127252123957,-210.114516988656
8,17,-461.267744217739,-437.242273947138
8,18,-308.055439869041,-284.02996959844
8,19,-477.246821398076,-441.208615992174
8,20,-489.73452524768,-465.709054977079
8,21,-487.377658304412,-451.339452898511
8,22,-486.308233631487,-450.270028225586
8,23,-490.231855584865,-442.180915043663
8,24,-759.895618653785,-735.870148383184
8,25,-762.46874124817,-726.430535842269
8,26,-762.311500489869,-726.273295083968
8,27,-761.063511964561,-713.01257142336
8,28,-761.647875441059,-725.609670035157
8,29,-761.36445957596,-713.313519034758
8,30,-761.724808437587,-713.673867896385
8,31,-759.605975185573,-699.54229950907
9,1,-8.86804604310559,3.1446890921949
9,2,-85.1065997206221,-73.0938645853216
9,3,-120.454380343124,-96.4289100725233
9,4,-63.4402254313928,-51.4274902960923
9,5,-245.421568329166,-221.396098058565
9,6,-143.674875772939,-119.649405502338
9,7,-395.343418393762,-359.30521298786
9,8,-21.7954813323837,-9.78274619708321
9,9,-24.1476875605211,-0.122217289920151
9,10,-100.920675959333,-76.8952056887317
9,11,-141.252155269121,-105.21394986322
9,12,-80.9031443940761,-56.8776741234751
9,13,-394.512789583253,-358.474584177352
9,14,-213.574138120688,-177.535932714787
9,15,-637.983390576904,-589.932450035702
9,16,-287.037265060654,-275.024529925354
9,17,-456.764070488525,-432.738600217924
9,18,-306.306405948882,-282.280935678281
9,19,-522.2404035311,-486.202198125199
9,20,-525.192118468314,-501.166648197713
9,21,-545.436537223937,-509.398331818036
9,22,-538.568868834498,-502.530663428597
9,23,-551.659914357781,-503.608973816579
9,24,-832.169119668086,-808.143649397485
9,25,-832.135785715503,-796.097580309602
9,26,-830.943333226952,-794.90512782105
9,27,-828.966769925711,-780.915829384509
9,28,-831.445331227975,-795.407125822074
9,29,-828.289642975855,-780.238702434653
9,30,-828.424900947038,-780.373960405836
9,31,-826.415273239834,-766.351597563332
10,1,-7.4150618765476,4.5976732587529
10,2,-79.5648608221779,-67.5521256868774
10,3,-100.46162622826,-76.4361559576591
10,4,-23.3766303642038,-11.3638952289033
10,5,-204.141165524,-180.115695253399
10,6,-110.376241472182,-86.3507712015809
10,7,-340.280104380235,-304.241898974334
10,8,-1.81493088288563,10.1978042524149
10,9,-10.362774489896,13.662695780705
10,10,-88.5063990810549,-64.4809288104539
10,11,-127.794398862831,-91.7561934569291
10,12,-42.3143593382498,-18.2888890676488
10,13,-345.741914207509,-309.703708801607
10,14,-183.835376822285,-147.797171416383
10,15,-562.705918844662,-514.65497830346
10,16,-185.348252107966,-173.335516972665
10,17,-377.054534938225,-353.029064667624
10,18,-217.779354426648,-193.753884156047
10,19,-433.084497017362,-397.04629161146
10,20,-432.692493906742,-408.667023636141
10,21,-444.688445679002,-408.6502402731
10,22,-441.79052552022,-405.752320114318
10,23,-447.533503593053,-399.482563051851
10,24,-695.021387874155,-670.995917603554
10,25,-692.237456940103,-656.199251534201
10,26,-691.254354363967,-655.216148958065
10,27,-690.297553150429,-642.246612609227
10,28,-692.824893416159,-656.786688010257
10,29,-688.858990254247,-640.808049713045
10,30,-689.149145766637,-641.098205225435
10,31,-688.358156680247,-628.294481003745
11,1,-0.0882780310933668,11.9244571042071
11,2,-78.9824064661634,-66.9696713308629
11,3,-85.2383281896603,-61.2128579190593
11,4,-13.0280645501382,-1.01532941483766
11,5,-178.561834926339,-154.536364655738
11,6,-94.4173120749821,-70.3918418043811
11,7,-313.408924297669,-277.370718891768
11,8,1.5654940909862,13.5782292262867
11,9,2.46446419982238,26.4899344704234
11,10,-83.1654728197084,-59.1400025491074
11,11,-128.550766028524,-92.5125606226224
11,12,-41.8526275472037,-17.8271572766028
11,13,-341.937196737869,-305.898991331967
11,14,-186.840050710247,-150.801845304346
11,15,-562.113222188864,-514.062281647662
11,16,-168.764535633127,-156.751800497826
11,17,-346.461589121805,-322.436118851204
11,18,-198.48040814755,-174.454937876949
11,19,-402.59048575342,-366.552280347519
11,20,-401.614117107586,-377.588646836985
11,21,-414.812357942987,-378.774152537086
11,22,-411.72401065853,-375.685805252628
11,23,-414.839664579264,-366.788724038062
11,24,-696.865847360593,-672.840377089992
11,25,-693.931906966784,-657.893701560883
11,26,-693.50541814418,-657.467212738278
11,27,-694.123764503605,-646.072823962403
11,28,-695.874984193902,-659.836778788001
11,29,-694.359201833185,-646.308261291983
11,30,-694.459044306786,-646.408103765584
11,31,-690.463710330184,-630.400034653681
12,1,-1.63793346598521,10.3748016693153
12,2,-114.0643540327,-102.0516188974
12,3,-132.658663988058,-108.633193717457
12,4,-39.7871615931361,-27.7744264578356
12,5,-226.575232181104,-202.549761910503
12,6,-144.44075110557,-120.415280834969
12,7,-332.190562138717,-296.152356732815
12,8,-18.6235046332425,-6.61076949794202
12,9,-25.5800261165776,-1.55455584597664
12,10,-116.211409938941,-92.1859396683398
12,11,-152.508428284237,-116.470222878335
12,12,-44.4688926065786,-20.4434223359776
12,13,-334.605105909919,-298.566900504018
12,14,-199.796276310294,-163.758070904392
12,15,-498.350660100112,-450.29971955891
12,16,-229.584664694908,-217.571929559608
12,17,-396.528801779294,-372.503331508693
12,18,-260.185746153448,-236.160275882847
12,19,-438.895593698451,-402.85738829255
12,20,-446.153822689308,-422.128352418707
12,21,-456.732740702761,-420.69453529686
12,22,-451.64706812505,-415.608862719148
12,23,-465.902055590243,-417.851115049041
12,24,-661.368560152761,-637.34308988216
12,25,-658.687522784737,-622.649317378835
12,26,-657.491435304743,-621.453229898842
12,27,-657.196117719343,-609.145177178141
12,28,-659.703406239418,-623.665200833516
12,29,-655.894014114484,-607.843073573282
12,30,-656.1090795458,-608.058139004598
12,31,-656.237131045079,-596.173455368576
13,1,-1.42212157070128,10.5906135645992
13,2,-140.686251317388,-128.673516182087
13,3,-161.496031715869,-137.470561445268
13,4,-35.5924268584544,-23.5796917231539
13,5,-250.595369748599,-226.569899477998
13,6,-171.654602571838,-147.629132301237
13,7,-380.559823711898,-344.521618305997
13,8,-8.94545421703324,3.06728091826725
13,9,-12.4452871136211,11.5801831569799
13,10,-140.83614886186,-116.810678591259
13,11,-204.874548338965,-168.836342933063
13,12,-47.5385802817533,-23.5131100111523
13,13,-389.218231421416,-353.180026015515
13,14,-254.953193901098,-218.914988495196
13,15,-587.219561532992,-539.16862099179
13,16,-228.644740437085,-216.632005301784
13,17,-413.80953572246,-389.784065451859
13,18,-275.28049698455,-251.255026713949
13,19,-463.057929883578,-427.019724477677
13,20,-460.635840054117,-436.610369783516
13,21,-475.054011411706,-439.015806005804
13,22,-471.122833872673,-435.084628466771
13,23,-477.697171295014,-429.646230753812
13,24,-709.521166452366,-685.495696181765
13,25,-706.525841039768,-670.487635633866
13,26,-706.528708243271,-670.490502837369
13,27,-702.661989572414,-654.611049031212
13,28,-705.966628860713,-669.928423454812
13,29,-703.357915819118,-655.306975277917
13,30,-702.775416753254,-654.724476212052
13,31,-701.778274824617,-641.714599148114
14,1,2.77950248523602,14.7922376205365
14,2,-131.441628144597,-119.428893009297
14,3,-151.366288969933,-127.340818699332
14,4,-41.1971551623516,-29.1844200270511
14,5,-261.72119445299,-237.695724182389
14,6,-166.327123516493,-142.301653245892
14,7,-371.649049840197,-335.610844434295
14,8,-15.3183795184101,-3.30564438310961
14,9,-23.9237489649232,0.101721305677735
14,10,-130.385010671996,-106.359540401395
14,11,-175.779837560708,-139.741632154806
14,12,-45.9692958697413,-21.9438255991403
14,13,-388.366464074734,-352.328258668832
14,14,-230.942703728099,-194.904498322198
14,15,-559.789821206804,-511.738880665602
14,16,-250.679718786351,-238.66698365105
14,17,-437.931335660908,-413.905865390307
14,18,-293.914659226292,-269.889188955691
14,19,-479.540260192726,-443.502054786824
14,20,-488.205931878051,-464.18046160745
14,21,-494.861096807791,-458.822891401889
14,22,-491.947575601623,-455.909370195722
14,23,-498.582053003171,-450.531112461969
14,24,-710.202635071649,-686.177164801048
14,25,-707.763956865457,-671.725751459556
14,26,-708.589829193884,-672.551623787983
14,27,-706.932352119109,-658.881411577907
14,28,-707.959303430403,-671.921098024502
14,29,-706.481970930458,-658.431030389256
14,30,-706.956620422123,-658.905679880921
14,31,-703.570329491412,-643.506653814909
15,1,1.30280967799218,13.3155448132927
15,2,-75.686925378794,-63.6741902434935
15,3,-92.1346306632799,-68.1091603926789
15,4,-38.0260253897277,-26.0132902544272
15,5,-194.806727334269,-170.781257063668
15,6,-107.805691046985,-83.7802207763837
15,7,-318.289221915671,-282.251016509769
15,8,-4.77322271319579,7.2395124221047
15,9,-2.16629039467812,21.8591798759229
15,10,-72.4120009963534,-48.3865307257524
15,11,-128.755918562043,-92.7177131561414
15,12,-66.6189169554082,-42.5934466848073
15,13,-364.147765183169,-328.109559777268
15,14,-199.950703859112,-163.91249845321
15,15,-566.990331012911,-518.939390471709
15,16,-220.4584229239,-208.445687788599
15,17,-366.40477220561,-342.379301935009
15,18,-236.839336285232,-212.813866014631
15,19,-419.096058478803,-383.057853072902
15,20,-422.191435287852,-398.165965017251
15,21,-435.775368888128,-399.737163482227
15,22,-431.164986725951,-395.126781320049
15,23,-436.873716122755,-388.822775581553
15,24,-721.212617344622,-697.187147074021
15,25,-719.063617464225,-683.025412058323
15,26,-718.270977563523,-682.232772157621
15,27,-715.392398891387,-667.341458350185
15,28,-719.027742137642,-682.98953673174
15,29,-715.327917011359,-667.276976470157
15,30,-715.280316700945,-667.229376159743
15,31,-711.404869253637,-651.341193577134
16,1,-1.44890024670823,10.5638348885923
16,2,-138.994878367752,-126.982143232451
16,3,-150.643235043294,-126.617764772693
16,4,-22.9971196107953,-10.9843844754948
16,5,-232.388605247385,-208.363134976784
16,6,-157.145595184343,-133.120124913742
16,7,-328.896862612184,-292.858657206283
16,8,-1.14439002181313,10.8683451134874
16,9,-4.47194943366358,19.5535208369374
16,10,-142.780226588182,-118.754756317581
16,11,-212.829014064651,-176.790808658749
16,12,-43.3409182812741,-19.3154480106732
16,13,-400.216009636617,-364.177804230716
16,14,-264.224534429764,-228.186329023863
16,15,-551.624724863078,-503.573784321876
16,16,-187.48685871948,-175.47412358418
16,17,-372.390452668034,-348.364982397433
16,18,-239.420790161511,-215.39531989091
16,19,-404.754643053204,-368.716437647303
16,20,-409.707363415377,-385.681893144776
16,21,-413.639181331808,-377.600975925907
16,22,-411.750063356054,-375.711857950152
16,23,-414.644406439331,-366.593465898129
16,24,-656.868220356207,-632.842750085606
16,25,-653.990738767407,-617.952533361505
16,26,-654.431984446187,-618.393779040285
16,27,-652.197077545081,-604.146137003879
16,28,-654.031139509514,-617.992934103612
16,29,-651.596903874635,-603.545963333433
16,30,-651.99470846058,-603.943767919378
16,31,-648.600572140794,-588.536896464291
17,1,0.490925310129846,12.5036604454303
17,2,-61.3144483031468,-49.3017131678463
17,3,-82.9443402089252,-58.9188699383242
17,4,-35.0717124425255,-23.058977307225
17,5,-196.539591311425,-172.514121040824
17,6,-101.29166855999,-77.266198289389
17,7,-329.624658490382,-293.58645308448
17,8,-4.53929782056085,7.47343731473964
17,9,-4.19150005841796,19.833970212183
17,10,-61.0460730937077,-37.0206028231067
17,11,-100.974425498003,-64.936220092101
17,12,-52.9089641956407,-28.8834939250397
17,13,-322.702460309999,-286.664254904098
17,14,-163.036073803877,-126.997868397975
17,15,-535.071888651744,-487.020948110542
17,16,-222.248512326503,-210.235777191203
17,17,-372.386510848837,-348.361040578236
17,18,-239.016224561489,-214.990754290888
17,19,-424.763228407895,-388.725023001993
17,20,-427.160479812778,-403.135009542177
17,21,-437.522377523051,-401.484172117149
17,22,-434.514757766576,-398.476552360675
17,23,-439.362274853039,-391.311334311838
17,24,-674.591420096711,-650.56594982611
17,25,-670.884151514488,-634.845946108586
17,26,-670.948931039312,-634.91072563341
17,27,-670.297106793924,-622.246166252722
17,28,-671.957217887418,-635.919012481517
17,29,-668.853551053282,-620.80261051208
17,30,-669.490001057218,-621.439060516016
17,31,-667.486787840165,-607.423112163662
18,1,-4.78559460776227,7.22714052753822
18,2,-118.115092093556,-106.102356958256
18,3,-142.215329969646,-118.189859699045
18,4,-54.9428256001294,-42.9300904648289
18,5,-255.088135687172,-231.062665416571
18,6,-157.869346581193,-133.843876310592
18,7,-447.867597156115,-411.829391750214
18,8,-25.0401326227711,-13.0273974874706
18,9,-31.146769413548,-7.12129914294703
18,10,-121.986667443323,-97.9611971727223
18,11,-161.102883714964,-125.064678309063
18,12,-61.1807971255802,-37.1553268549792
18,13,-382.070335274209,-346.032129868308
18,14,-219.399604923818,-183.361399517917
18,15,-651.043745504038,-602.992804962836
18,16,-268.275268305618,-256.262533170317
18,17,-439.827066862714,-415.801596592113
18,18,-292.791401723967,-268.765931453366
18,19,-509.271971637353,-473.233766231452
18,20,-494.283642076907,-470.258171806306
18,21,-512.846749816859,-476.808544410957
18,22,-512.235511907277,-476.197306501375
18,23,-508.998115657231,-460.947175116029
18,24,-723.966040803579,-699.940570532978
18,25,-720.232410567637,-684.194205161735
18,26,-720.529752021239,-684.491546615337
18,27,-718.985578129008,-670.934637587806
18,28,-720.756823773097,-684.718618367195
18,29,-718.088612596183,-670.037672054981
18,30,-718.619382875943,-670.568442334741
18,31,-716.109535454578,-656.045859778075
19,1,1.04425991927656,13.0569950545771
19,2,-100.949401324145,-88.936666188844
19,3,-106.482264058281,-82.4567937876805
19,4,-13.361603603795,-1.34886846849455
19,5,-214.053257195145,-190.027786924544
19,6,-117.321835256147,-93.2963649855461
19,7,-326.560702350073,-290.522496944171
19,8,0.721563842733985,12.7342989780345
19,9,-9.77642081823842,14.2490494523626
19,10,-100.350590465394,-76.3251201947932
19,11,-132.503751854949,-96.465546449048
19,12,-23.2387876015311,0.786682669069879
19,13,-358.753887983895,-322.715682577994
19,14,-190.372331171777,-154.334125765876
19,15,-542.524224616759,-494.473284075557
19,16,-194.211284937554,-182.198549802254
19,17,-401.631406680389,-377.605936409788
19,18,-234.058566673546,-210.033096402945
19,19,-454.278674815577,-418.240469409675
19,20,-465.272321112459,-441.246850841858
19,21,-477.793799873611,-441.755594467709
19,22,-472.21563244474,-436.177427038838
19,23,-484.899643741772,-436.84870320057
19,24,-735.203337463014,-711.177867192413
19,25,-731.385952073572,-695.347746667671
19,26,-731.712997931715,-695.674792525813
19,27,-728.083602171468,-680.032661630266
19,28,-731.414121151386,-695.375915745485
19,29,-727.882564905756,-679.831624364554
19,30,-728.058230859049,-680.007290317847
19,31,-725.582951695066,-665.519276018563
20,1,-1.90653264331899,10.1062024919815
20,2,-100.512605994815,-88.4998708595147
20,3,-128.955950025806,-104.930479755205
20,4,-36.9987917081188,-24.9860565728183
20,5,-214.472610076029,-190.447139805428
20,6,-143.069106653728,-119.043636383127
20,7,-329.141939740473,-293.103734334571
20,8,-6.94297367679557,5.06976145850492
20,9,-8.09754049404998,15.927929776551
20,10,-106.021098078912,-81.9956278083107
20,11,-169.942190754219,-133.903985348318
20,12,-54.9249166023721,-30.8994463317711
20,13,-363.233754504718,-327.195549098817
20,14,-229.639735347835,-193.601529941934
20,15,-558.986115245256,-510.935174704054
20,16,-221.526880026433,-209.514144891132
20,17,-378.261257275901,-354.2357870053
20,18,-259.872603823492,-235.847133552891
20,19,-422.249512702329,-386.211307296427
20,20,-424.208616997496,-400.183146726895
20,21,-436.204204232376,-400.165998826474
20,22,-432.161545122047,-396.123339716145
20,23,-442.431437272253,-394.380496731051
20,24,-700.541814184223,-676.516343913622
20,25,-697.850544084154,-661.812338678253
20,26,-697.76085445484,-661.722649048938
20,27,-698.697078590394,-650.646138049192
20,28,-698.630683081748,-662.592477675847
20,29,-697.860686810966,-649.809746269764
20,30,-698.155868051002,-650.1049275098
20,31,-695.926247866079,-635.862572189576
21,1,-1.36216370922797,10.6505714260725
21,2,-77.5519113842948,-65.5391762489943
21,3,-80.7031366898755,-56.6776664192746
21,4,-8.86443540332889,3.1482997319716
21,5,-180.34115349274,-156.315683222139
21,6,-90.921592020281,-66.89612174968
21,7,-274.448799350093,-238.410593944191
21,8,2.55839988309793,14.5711350183984
21,9,1.96585169699439,25.9913219675954
21,10,-86.9780237803494,-62.9525535097484
21,11,-124.449512358565,-88.4113069526634
21,12,-41.5681372595798,-17.5426669889788
21,13,-345.56527815863,-309.527072752729
21,14,-184.456687822426,-148.418482416525
21,15,-512.406407325741,-464.355466784539
21,16,-157.929345127181,-145.91660999188
21,17,-341.903124632776,-317.877654362175
21,18,-192.430846389562,-168.405376118961
21,19,-385.032790042377,-348.994584636475
21,20,-396.387672824428,-372.362202553827
21,21,-404.528303853391,-368.490098447489
21,22,-400.704087560893,-364.665882154991
21,23,-403.429244795119,-355.378304253917
21,24,-690.389373954059,-666.363903683458
21,25,-691.066642358694,-655.028436952792
21,26,-690.772356177781,-654.734150771879
21,27,-687.582217340448,-639.531276799246
21,28,-690.285495275274,-654.247289869373
21,29,-688.382519463377,-640.331578922175
21,30,-688.332960889046,-640.282020347844
21,31,-685.281710649717,-625.218034973214
22,1,-4.80179470088559,7.2109404344149
22,2,-142.739260727076,-130.726525591776
22,3,-159.938057696354,-135.912587425753
22,4,-28.6402821917036,-16.6275470564031
22,5,-236.663520435869,-212.638050165268
22,6,-165.623681309687,-141.598211039086
22,7,-343.714658356026,-307.676452950125
22,8,-1.46174538518322,10.5509897501173
22,9,-4.25607544365023,19.7693948269508
22,10,-164.44619162448,-140.420721353879
22,11,-244.508952703577,-208.470747297675
22,12,-58.871520935679,-34.846050665078
22,13,-439.426700895885,-403.388495489984
22,14,-299.22468813352,-263.186482727619
22,15,-618.007479258874,-569.956538717672
22,16,-198.828977273456,-186.816242138156
22,17,-381.570044532372,-357.544574261771
22,18,-245.350347376409,-221.324877105808
22,19,-422.381927013142,-386.34372160724
22,20,-419.857293209531,-395.83182293893
22,21,-434.939366165559,-398.901160759658
22,22,-430.101903811596,-394.063698405694
22,23,-440.424339073094,-392.373398531892
22,24,-731.463986635006,-707.438516364405
22,25,-735.004950101851,-698.96674469595
22,26,-732.310576272934,-696.272370867033
22,27,-733.934428585192,-685.88348804399
22,28,-734.78908881623,-698.750883410328
22,29,-732.84776328005,-684.796822738848
22,30,-732.72397151893,-684.673030977728
22,31,-731.519794735546,-671.456119059044
23,1,-4.25349247993657,7.75924265536392
23,2,-137.492898664127,-125.480163528826
23,3,-162.222346534467,-138.196876263866
23,4,-32.9168286267959,-20.9040934914954
23,5,-279.661889158045,-255.636418887444
23,6,-176.721728307282,-152.696258036681
23,7,-384.856973456108,-348.818768050207
23,8,-16.4828535661951,-4.47011843089465
23,9,-44.4954259444667,-20.4699556738657
23,10,-147.87446144392,-123.848991173319
23,11,-177.011286572326,-140.973081166424
23,12,-32.3150778746569,-8.2896076040559
23,13,-394.950407670177,-358.912202264275
23,14,-229.738384465328,-193.700179059427
23,15,-563.274958949691,-515.224018408489
23,16,-236.715516652227,-224.702781516926
23,17,-459.815356375506,-435.789886104905
23,18,-295.684113738086,-271.658643467485
23,19,-499.408700943879,-463.370495537978
23,20,-511.7977859468,-487.772315676199
23,21,-515.626061511851,-479.58785610595
23,22,-513.050661554196,-477.012456148295
23,23,-517.519627906302,-469.4686873651
23,24,-735.095135233178,-711.069664962577
23,25,-732.21003314637,-696.171827740468
23,26,-732.083372146729,-696.045166740827
23,27,-729.720124100271,-681.669183559069
23,28,-731.902148500656,-695.863943094754
23,29,-728.908222253787,-680.857281712585
23,30,-729.010159661759,-680.959219120557
23,31,-727.029790192475,-666.966114515972
24,1,-4.58355547862333,7.42917965667716
24,2,-126.44797181443,-114.435236679129
24,3,-156.564176265123,-132.538705994522
24,4,-58.1677049921791,-46.1549698568786
24,5,-281.807866637371,-257.78239636677
24,6,-174.620350278082,-150.594880007481
24,7,-484.397454284556,-448.359248878654
24,8,-29.5612922655427,-17.5485571302422
24,9,-39.9407032888283,-15.9152330182273
24,10,-135.344864009926,-111.319393739325
24,11,-166.275108668568,-130.236903262667
24,12,-59.3810256478778,-35.3555553772769
24,13,-389.916806812972,-353.878601407071
24,14,-219.816881412316,-183.778676006414
24,15,-679.90812301204,-631.857182470838
24,16,-284.002568932706,-271.989833797406
24,17,-469.23516945475,-445.209699184149
24,18,-314.540535849221,-290.51506557862
24,19,-537.747116373965,-501.708910968064
24,20,-522.811235957097,-498.785765686496
24,21,-538.68872660039,-502.650521194489
24,22,-539.129062711234,-503.090857305333
24,23,-535.336641392,-487.285700850798
24,24,-746.013115943893,-721.987645673292
24,25,-742.85865823257,-706.820452826668
24,26,-743.395150610199,-707.356945204298
24,27,-739.684835009114,-691.633894467912
24,28,-742.72478636495,-706.686580959048
24,29,-738.97689713596,-690.925956594758
24,30,-739.58389658233,-691.532956041128
24,31,-740.170031649187,-680.106355972685
25,1,0.0230013586310593,12.0357364939316
25,2,-59.6483603962082,-47.6356252609077
25,3,-86.5294308368017,-62.5039605662007
25,4,-43.6298797936913,-31.6171446583909
25,5,-203.245621916483,-179.220151645883
25,6,-109.877661915066,-85.8521916444653
25,7,-449.137966226457,-413.099760820556
25,8,-9.98986877074569,2.0228663645548
25,9,-9.76283899974502,14.262631270856
25,10,-64.2492288775301,-40.2237586069291
25,11,-97.1582321956197,-61.1200267897182
25,12,-58.0620697878098,-34.0365995172089
25,13,-325.355201029352,-289.316995623451
25,14,-165.599929241651,-129.561723835749
25,15,-687.912028503836,-639.861087962634
25,16,-252.807223314916,-240.794488179615
25,17,-408.41531648785,-384.389846217249
25,18,-268.768178342875,-244.742708072274
25,19,-510.747883030938,-474.709677625036
25,20,-481.394022848997,-457.368552578396
25,21,-511.825171835232,-475.78696642933
25,22,-512.484257509574,-476.446052103673
25,23,-508.718076561465,-460.667136020263
25,24,-757.372987526046,-733.347517255445
25,25,-755.642056958072,-719.60385155217
25,26,-757.829514236684,-721.791308830782
25,27,-755.273308829778,-707.222368288576
25,28,-754.134718736603,-718.096513330702
25,29,-752.950968695684,-704.900028154482
25,30,-754.456542291071,-706.405601749869
25,31,-756.409414980067,-696.345739303565
26,1,-3.68473562374412,8.32799951155637
26,2,-162.413765525848,-150.401030390548
26,3,-183.451466076899,-159.425995806298
26,4,-45.5905544260661,-33.5778192907656
26,5,-273.630718196091,-249.60524792549
26,6,-192.18988478588,-168.164414515279
26,7,-369.283241570603,-333.245036164701
26,8,-12.0457165061853,-0.0329813708847766
26,9,-16.3239865762353,7.70148369436569
26,10,-173.373301006552,-149.347830735951
26,11,-237.743653369346,-201.705447963444
26,12,-60.547204267267,-36.5217339966661
26,13,-426.896367523783,-390.858162117881
26,14,-286.661744532511,-250.623539126609
26,15,-579.117699923305,-531.066759382103
26,16,-233.308317778679,-221.295582643378
26,17,-411.210541701778,-387.185071431177
26,18,-282.791920296704,-258.766450026103
26,19,-435.612373267068,-399.574167861166
26,20,-441.255544921239,-417.230074650638
26,21,-442.057617390986,-406.019411985084
26,22,-440.804858994128,-404.766653588227
26,23,-439.85436197402,-391.803421432818
26,24,-673.246270943301,-649.2208006727
26,25,-671.375826236364,-635.337620830462
26,26,-671.294657041899,-635.256451635998
26,27,-667.55681445925,-619.505873918048
26,28,-670.624341240038,-634.586135834136
26,29,-667.670775366201,-619.619834824999
26,30,-667.558267696,-619.507327154798
26,31,-663.788603115213,-603.724927438711
27,1,2.46858386160028,14.4813189969008
27,2,-133.448411794108,-121.435676658808
27,3,-146.004511610864,-121.979041340263
27,4,-30.7483489669449,-18.7356138316444
27,5,-240.832455146504,-216.806984875903
27,6,-156.381289262488,-132.355818991887
27,7,-343.611496553355,-307.573291147453
27,8,-1.91728445196426,10.0954506833362
27,9,-1.1938903525154,22.8315799180856
27,10,-130.747645906554,-106.722175635953
27,11,-218.727539379233,-182.689333973331
27,12,-59.9287591804645,-35.9032889098635
27,13,-448.161395677285,-412.123190271383
27,14,-287.412641744919,-251.374436339018
27,15,-620.180349261617,-572.129408720415
27,16,-226.455439118692,-214.442703983392
27,17,-416.555312110593,-392.529841839992
27,18,-268.785149371327,-244.759679100726
27,19,-459.825913867288,-423.787708461387
27,20,-468.934298537811,-444.90882826721
27,21,-480.089907591469,-444.051702185567
27,22,-474.591212184705,-438.553006778803
27,23,-492.548387821087,-444.497447279885
27,24,-792.854557565356,-768.829087294755
27,25,-789.143630435548,-753.105425029647
27,26,-789.737775231996,-753.699569826094
27,27,-786.28455361661,-738.233613075408
27,28,-788.942152431324,-752.903947025422
27,29,-785.303560692366,-737.252620151164
27,30,-785.888248875348,-737.837308334146
27,31,-787.869288492289,-727.805612815786
28,1,-4.65239328582449,7.360341849476
28,2,-205.036512487797,-193.023777352496
28,3,-225.608223889215,-201.582753618614
28,4,-35.9531729952949,-23.9404378599944
28,5,-312.026002444406,-288.000532173805
28,6,-231.002751221825,-206.977280951224
28,7,-410.375666442091,-374.33746103619
28,8,-5.10315150813373,6.90958362716676
28,9,-11.5397195757287,12.4857506948723
28,10,-230.925846783889,-206.900376513288
28,11,-310.438643067487,-274.400437661585
28,12,-56.6111343996496,-32.5856641290486
28,13,-504.210694715369,-468.172489309468
28,14,-360.802714027649,-324.764508621747
28,15,-653.799682492148,-605.748741950946
28,16,-225.211414013935,-213.198678878635
28,17,-450.408485186375,-426.383014915774
28,18,-304.266837869223,-280.241367598622
28,19,-476.201209730704,-440.163004324803
28,20,-480.449678989554,-456.424208718953
28,21,-482.538391678461,-446.50018627256
28,22,-480.912231688153,-444.874026282252
28,23,-482.613487941951,-434.562547400749
28,24,-738.312157688138,-714.286687417537
28,25,-738.636464618965,-702.598259213063
28,26,-739.717370408349,-703.679165002447
28,27,-736.360376825382,-688.30943628418
28,28,-736.406237587744,-700.368032181843
28,29,-736.550203037499,-688.499262496297
28,30,-736.170304009891,-688.119363468689
28,31,-733.762583136342,-673.698907459839
29,1,-1.51913119442068,10.4936039408798
29,2,-117.061022903458,-105.048287768158
29,3,-147.844132479656,-123.818662209055
29,4,-53.8881660018054,-41.8754308665049
29,5,-258.229841503546,-234.204371232945
29,6,-165.04510275177,-141.019632481169
29,7,-368.863523968052,-332.825318562151
29,8,-22.0732800782529,-10.0605449429524
29,9,-26.8557566545079,-2.83028638390687
29,10,-121.077347886603,-97.0518776160022
29,11,-169.797804374327,-133.759598968425
29,12,-61.0503184963521,-37.0248482257511
29,13,-389.890626676802,-353.8524212709
29,14,-231.081211139553,-195.043005733651
29,15,-571.243086512343,-523.192145971141
29,16,-270.706682520148,-258.693947384848
29,17,-437.25143882911,-413.22596855851
29,18,-301.634370551263,-277.608900280662
29,19,-480.481074956967,-444.442869551065
29,20,-488.128345466947,-464.102875196346
29,21,-497.597658008835,-461.559452602934
29,22,-493.308495608985,-457.270290203084
29,23,-501.750596810954,-453.699656269752
29,24,-740.101441007593,-716.075970736992
29,25,-736.76351635963,-700.725310953729
29,26,-736.263352473056,-700.225147067154
29,27,-733.353905714697,-685.302965173495
29,28,-738.152023369241,-702.113817963339
29,29,-734.919014957734,-686.868074416533
29,30,-734.428568214884,-686.377627673682
29,31,-733.992718817212,-673.929043140709
30,1,1.15252795032701,13.1652630856275
30,2,-130.137498704453,-118.124763569152
30,3,-137.819723403901,-113.7942531333
30,4,-26.3147696563784,-14.3020345210779
30,5,-225.798764215299,-201.773293944698
30,6,-146.077760250975,-122.052289980374
30,7,-313.696601653347,-277.658396247446
30,8,-2.18320699043658,9.82952814486391
30,9,-0.854391085230889,23.1710791853701
30,10,-129.669842481878,-105.644372211277
30,11,-201.999535675654,-165.961330269753
30,12,-54.9545755602362,-30.9291052896352
30,13,-405.947953048914,-369.909747643013
30,14,-259.195807208244,-223.157601802342
30,15,-555.120101105477,-507.069160564275
30,16,-204.360760386543,-192.348025251243
30,17,-392.431895462913,-368.406425192312
30,18,-247.484221074327,-223.458750803726
30,19,-434.015196332498,-397.976990926596
30,20,-446.248166030738,-422.222695760137
30,21,-459.442234086909,-423.404028681007
30,22,-452.139114995464,-416.100909589562
30,23,-470.459794954535,-422.408854413333
30,24,-742.550319153283,-718.524848882682
30,25,-744.965073674342,-708.92686826844
30,26,-743.551488929285,-707.513283523383
30,27,-741.511531002364,-693.460590461162
30,28,-743.778882388323,-707.740676982421
30,29,-740.986332112761,-692.935391571559
30,30,-741.136072954551,-693.085132413349
30,31,-740.836414778552,-680.772739102049
31,1,-0.723137070569454,11.289598064731
31,2,-147.225081967805,-135.212346832505
31,3,-153.414558149275,-129.389087878674
31,4,-13.230072620265,-1.21733748496446
31,5,-246.487301054677,-222.461830784076
31,6,-159.822190651087,-135.796720380486
31,7,-389.916344898021,-353.87813949212
31,8,1.55525427764148,13.567989412942
31,9,-5.82516665957781,18.2003036110232
31,10,-151.568207928466,-127.542737657865
31,11,-205.924045847125,-169.885840441223
31,12,-28.1642611630715,-4.1387908924705
31,13,-402.712904731471,-366.674699325569
31,14,-254.906962706933,-218.868757301032
31,15,-616.839830272641,-568.788889731439
31,16,-182.523483027343,-170.510747892042
31,17,-403.218787103254,-379.193316832653
31,18,-245.455253492356,-221.429783221755
31,19,-452.928339215195,-416.890133809293
31,20,-449.205043211278,-425.179572940677
31,21,-458.462956622882,-422.424751216981
31,22,-457.181791087722,-421.14358568182
31,23,-455.38115601302,-407.330215471818
31,24,-707.307528802989,-683.282058532388
31,25,-705.209629365564,-669.171423959662
31,26,-704.041658313933,-668.003452908032
31,27,-701.796097094131,-653.745156552929
31,28,-705.636983069805,-669.598777663904
31,29,-701.657717951031,-653.606777409829
31,30,-701.667002277344,-653.616061736142
31,31,-697.865460429729,-637.801784753227
32,1,-0.104119351896717,11.9086157834038
32,2,-85.5933749275753,-73.5806397922748
32,3,-105.377592911119,-81.3521226405184
32,4,-30.5877428659762,-18.5750077306757
32,5,-196.989882680839,-172.964412410238
32,6,-119.398474501175,-95.3730042305742
32,7,-329.887937875235,-293.849732469333
32,8,-0.0218240554729174,11.9909110798276
32,9,1.45438941545414,25.4798596860551
32,10,-87.4427033404801,-63.4172330698791
32,11,-150.164210192986,-114.126004787085
32,12,-58.8203073956313,-34.7948371250303
32,13,-356.181641448879,-320.143436042977
32,14,-212.576363427101,-176.5381580212
32,15,-575.263704890061,-527.212764348859
32,16,-212.213149335849,-200.200414200549
32,17,-366.243550942842,-342.218080672241
32,18,-240.05440102941,-216.028930758809
32,19,-421.541699831345,-385.503494425443
32,20,-417.428090813596,-393.402620542995
32,21,-435.567101575737,-399.528896169835
32,22,-430.967036302348,-394.928830896447
32,23,-436.414131844345,-388.363191303143
32,24,-714.300470140218,-690.274999869617
32,25,-712.611467312695,-676.573261906794
32,26,-712.425235619171,-676.38703021327
32,27,-711.112888622216,-663.061948081014
32,28,-712.753728841483,-676.715523435582
32,29,-711.855895345279,-663.804954804077
32,30,-711.424239015021,-663.373298473819
32,31,-708.186877702479,-648.123202025976
33,1,-2.13947201251456,9.87326312278593
33,2,-110.162079652476,-98.1493445171756
33,3,-136.894469546983,-112.868999276382
33,4,-36.8564368724796,-24.8437017371791
33,5,-238.658462218594,-214.632991947993
33,6,-151.822013640029,-127.796543369428
33,7,-327.46667389919,-291.428468493288
33,8,-3.87334372644054,8.13939140885995
33,9,-5.88819331442359,18.1372769561774
33,10,-116.056513514323,-92.0310432437224
33,11,-188.90884752514,-152.870642119239
33,12,-63.0033729188115,-38.9779026482105
33,13,-417.55046386225,-381.512258456348
33,14,-258.062189839499,-222.023984433597
33,15,-573.767727866774,-525.716787325572
33,16,-230.26758006401,-218.254844928709
33,17,-406.430216840814,-382.404746570213
33,18,-272.50103291798,-248.475562647379
33,19,-440.81266651554,-404.774461109639
33,20,-453.806064974878,-429.780594704277
33,21,-459.959089934394,-423.920884528493
33,22,-455.566455182478,-419.528249776577
33,23,-462.301987747665,-414.251047206463
33,24,-748.502382347472,-724.476912076871
33,25,-745.964112038041,-709.925906632139
33,26,-745.778944584243,-709.740739178341
33,27,-742.083350424429,-694.032409883227
33,28,-745.269079808333,-709.230874402431
33,29,-742.114081654152,-694.06314111295
33,30,-741.886694798434,-693.835754257232
33,31,-738.753744305651,-678.690068629148
34,1,3.95651511831072,15.9692502536112
34,2,-107.135259996132,-95.1225248608312
34,3,-124.257188222572,-100.231717951971
34,4,-27.8249628242589,-15.8122276889584
34,5,-227.254666822137,-203.229196551536
34,6,-138.993437767526,-114.967967496925
34,7,-357.642223902381,-321.60401849648
34,8,-4.79034113719648,7.22239399810401
34,9,-10.2808438054951,13.7446264651059
34,10,-104.385089029788,-80.3596187591866
34,11,-152.026953569363,-115.988748163461
34,12,-38.1311538361241,-14.1056835655231
34,13,-361.40418972689,-325.365984320989
34,14,-211.038115886647,-174.999910480746
34,15,-565.261318595902,-517.2103780547
34,16,-230.140100127864,-218.127364992564
34,17,-415.079816100109,-391.054345829508
34,18,-270.282822688462,-246.257352417861
34,19,-470.616855609726,-434.578650203825
34,20,-474.499844225945,-450.474373955344
34,21,-488.697906213201,-452.659700807299
34,22,-483.818369172618,-447.780163766716
34,23,-494.652754413538,-446.601813872336
34,24,-725.490566284564,-701.465096013963
34,25,-723.061117864667,-687.022912458765
34,26,-721.972531538282,-685.93432613238
34,27,-720.232776455265,-672.181835914063
34,28,-724.640817547925,-688.602612142024
34,29,-721.638109626526,-673.587169085324
34,30,-721.191504727347,-673.140564186145
34,31,-719.982578754868,-659.918903078365
35,1,2.0157189127044,14.0284540480049
35,2,-80.9700331066335,-68.957297971333
35,3,-86.4055599846805,-62.3800897140795
35,4,-12.8955168121277,-0.882781676827204
35,5,-161.835061741746,-137.809591471145
35,6,-94.0749891307865,-70.0495188601855
35,7,-320.392273732205,-284.354068326304
35,8,2.50482252095259,14.5175576562531
35,9,4.00045375783631,28.0259240284373
35,10,-90.5702002621074,-66.5447299915064
35,11,-171.56240785477,-135.524202448869
35,12,-69.8492131904583,-45.8237429198573
35,13,-373.294096319578,-337.255890913677
35,14,-234.69230873934,-198.654103333438
35,15,-625.156467562956,-577.105527021754
35,16,-161.379891290955,-149.367156155654
35,17,-317.220260978554,-293.194790707953
35,18,-186.853692250311,-162.82822197971
35,19,-388.620561806021,-352.58235640012
35,20,-369.422476209891,-345.39700593929
35,21,-397.140483920236,-361.102278514335
35,22,-394.193406917727,-358.155201511825
35,23,-395.441017433841,-347.390076892639
35,24,-717.756386463655,-693.730916193054
35,25,-720.459218597465,-684.421013191564
35,26,-720.10724733151,-684.069041925608
35,27,-716.725884942887,-668.674944401685
35,28,-718.589108086169,-682.550902680267
35,29,-716.590632486639,-668.539691945437
35,30,-716.73589918726,-668.684958646058
35,31,-712.868644840123,-652.80496916362
36,1,-4.19414418720839,7.8185909480921
36,2,-57.8605681998319,-45.8478330645314
36,3,-89.2139075826433,-65.1884373120423
36,4,-52.2791551874345,-40.266420052134
36,5,-186.865389468097,-162.839919197496
36,6,-110.04309733397,-86.0176270633685
36,7,-336.065232410567,-300.027027004666
36,8,-9.8274353327956,2.18529980250489
36,9,-6.06164596955154,17.9638243010494
36,10,-60.4598155181665,-36.4343452475655
36,11,-110.975896722709,-74.9376913168074
36,12,-76.2904945906825,-52.2650243200815
36,13,-315.835531268577,-279.797325862675
36,14,-176.309627464166,-140.271422058265
36,15,-553.30237719645,-505.251436655248
36,16,-246.374707408921,-234.36197227362
36,17,-371.326406406077,-347.300936135476
36,18,-257.823342919331,-233.79787264873
36,19,-435.649385999321,-399.61118059342
36,20,-430.849783312848,-406.824313042247
36,21,-451.981646906017,-415.943441500115
36,22,-446.706228927283,-410.668023521382
36,23,-456.060353677808,-408.009413136606
36,24,-695.077811007739,-671.052340737138
36,25,-692.339546804998,-656.301341399097
36,26,-692.474601218898,-656.436395812997
36,27,-689.891475256186,-641.840534714985
36,28,-692.38828299838,-656.350077592479
36,29,-690.683090725246,-642.632150184044
36,30,-690.146671279845,-642.095730738643
36,31,-687.729015268325,-627.665339591823
37,1,-3.17885669872698,8.83387843657351
37,2,-52.4780114004031,-40.4652762651026
37,3,-87.4435754773392,-63.4181052067382
37,4,-45.0879506210886,-33.0752154857881
37,5,-166.69052329821,-142.665053027609
37,6,-104.760452723807,-80.7349824532055
37,7,-246.574893417735,-210.536688011833
37,8,-5.03264387566325,6.98009125963724
37,9,-1.75867282392059,22.2667974466804
37,10,-53.0770718259638,-29.0516015553628
37,11,-125.389378732304,-89.3511733264021
37,12,-79.957925633861,-55.9324553632601
37,13,-308.177973699831,-272.139768293929
37,14,-190.786676582114,-154.748471176212
37,15,-449.378094617904,-401.327154076702
37,16,-220.22388054967,-208.211145414369
37,17,-336.190932656841,-312.16546238624
37,18,-235.874551636716,-211.849081366115
37,19,-380.304156373718,-344.265950967816
37,20,-394.376256098528,-370.350785827927
37,21,-412.278606774178,-376.240401368277
37,22,-402.386136384999,-366.347930979097
37,23,-434.765074843798,-386.714134302596
37,24,-663.9827955831,-639.957325312499
37,25,-661.111159725986,-625.072954320085
37,26,-661.527269353354,-625.489063947453
37,27,-657.545420273894,-609.494479732692
37,28,-660.649321678731,-624.611116272829
37,29,-660.168053966364,-612.117113425162
37,30,-658.391621905668,-610.340681364466
37,31,-667.877551558173,-607.81387588167
38,1,1.3084754047986,13.3212105400991
38,2,-99.5787814062373,-87.5660462709369
38,3,-116.06534381804,-92.0398735474391
38,4,-31.4908889066552,-19.4781537713547
38,5,-213.684806001353,-189.659335730752
38,6,-129.320934737372,-105.295464466771
38,7,-366.226630813841,-330.18842540794
38,8,-3.45100423779055,8.56173089750994
38,9,-2.54016192476623,21.4853083458348
38,10,-99.1744910977273,-75.1490208271263
38,11,-153.580367195013,-117.542161789111
38,12,-50.8436324728877,-26.8181622022867
38,13,-358.794476911993,-322.756271506091
38,14,-211.881292654843,-175.843087248942
38,15,-589.904999489684,-541.854058948482
38,16,-215.365986613297,-203.353251477997
38,17,-382.00851166107,-357.983041390469
38,18,-245.321259434162,-221.295789163561
38,19,-437.229668703581,-401.191463297679
38,20,-432.063139956309,-408.037669685708
38,21,-445.271439252809,-409.233233846907
38,22,-443.216887798637,-407.178682392736
38,23,-448.846534935545,-400.795594394343
38,24,-687.319808812769,-663.294338542168
38,25,-683.473513601711,-647.43530819581
38,26,-683.717120401347,-647.678914995446
38,27,-681.324683804252,-633.27374326305
38,28,-683.930112562518,-647.891907156616
38,29,-680.627299769671,-632.576359228469
38,30,-681.024184815111,-632.973244273909
38,31,-682.372225144295,-622.308549467792
39,1,2.4335216179177,14.4462567532182
39,2,-127.029177758184,-115.016442622883
39,3,-137.187659159301,-113.1621888887
39,4,-34.2659563983864,-22.2532212630859
39,5,-236.126391643094,-212.100921372493
39,6,-148.14252384585,-124.117053575249
39,7,-387.797113318465,-351.758907912563
39,8,0.174009712233281,12.1867448475338
39,9,4.10563859397858,28.1311088645796
39,10,-126.364227483409,-102.338757212808
39,11,-210.377557370429,-174.339351964528
39,12,-73.147282477648,-49.121812207047
39,13,-442.226550513974,-406.188345108073
39,14,-276.647837060645,-240.609631654743
39,15,-685.753226362427,-637.702285821225
39,16,-219.097298852007,-207.084563716706
39,17,-388.665087410894,-364.639617140293
39,18,-253.942257639217,-229.916787368616
39,19,-437.254916424359,-401.216711018458
39,20,-430.112815152649,-406.087344882048
39,21,-439.059224170523,-403.021018764621
39,22,-438.915861686537,-402.877656280635
39,23,-435.566644027557,-387.515703486355
39,24,-747.402202565983,-723.376732295382
39,25,-745.057220373341,-709.01901496744
39,26,-744.983809009432,-708.94560360353
39,27,-741.179488728371,-693.128548187169
39,28,-744.779964113836,-708.741758707935
39,29,-742.122476645285,-694.071536104083
39,30,-741.581675892438,-693.530735351236
39,31,-743.414895163925,-683.351219487422
40,1,-0.69003691577474,11.3226982195258
40,2,-59.3917877562268,-47.3790526209263
40,3,-84.9121639717718,-60.8866937011708
40,4,-31.6341648654699,-19.6214297301694
40,5,-193.695202279346,-169.669732008745
40,6,-104.494679175301,-80.4692089046999
40,7,-351.166745264889,-315.128539858987
40,8,-5.53353102649504,6.47920410880545
40,9,-8.4724887168289,15.5529815537721
40,10,-63.1969602242225,-39.1714899536215
40,11,-98.715975444432,-62.6777700385305
40,12,-45.5232775499502,-21.4978072793492
40,13,-315.722424583276,-279.684219177375
40,14,-163.26725758319,-127.229052177289
40,15,-565.967715153806,-517.916774612604
40,16,-220.949699276036,-208.936964140735
40,17,-386.12767856849,-362.102208297889
40,18,-246.15889214641,-222.133421875809
40,19,-460.044220927817,-424.006015521916
40,20,-456.573352517611,-432.54788224701
40,21,-476.748633248182,-440.710427842281
40,22,-472.597456549941,-436.55925114404
40,23,-476.227964421659,-428.177023880457
40,24,-725.290351351452,-701.264881080851
40,25,-723.489253452363,-687.451048046462
40,26,-722.978689703851,-686.94048429795
40,27,-720.728433825334,-672.677493284132
40,28,-724.045897966372,-688.00769256047
40,29,-721.100303765196,-673.049363223994
40,30,-721.164053260237,-673.113112719035
40,31,-717.54149103618,-657.477815359677
41,1,-2.30199234092828,9.71074279437222
41,2,-77.3635324076367,-65.3507972723362
41,3,-98.484225948896,-74.458755678295
41,4,-31.5382082710754,-19.5254731357749
41,5,-190.551235329119,-166.525765058518
41,6,-114.691633182774,-90.6661629121732
41,7,-352.316814788822,-316.278609382921
41,8,-8.72953208806851,3.28320304723198
41,9,-14.8751195499013,9.15035072069967
41,10,-86.8783700760621,-62.8528998054611
41,11,-117.640150120045,-81.6019447141432
41,12,-41.2533150032682,-17.2278447326672
41,13,-305.157159227733,-269.118953821831
41,14,-173.005105658223,-136.966900252321
41,15,-555.390575687513,-507.339635146311
41,16,-203.670502247241,-191.657767111941
41,17,-354.753695307914,-330.728225037313
41,18,-233.774573325597,-209.749103054996
41,19,-416.702558679645,-380.664353273744
41,20,-404.592108716249,-380.566638445648
41,21,-420.298729555242,-384.260524149341
41,22,-420.604305321422,-384.566099915521
41,23,-421.119080937212,-373.06814039601
41,24,-641.76024606778,-617.73477579718
41,25,-641.316577338922,-605.278371933021
41,26,-643.41249284604,-607.374287440139
41,27,-639.811918923908,-591.760978382706
41,28,-639.445917334321,-603.407711928419
41,29,-637.826326981207,-589.775386440005
41,30,-639.443893913608,-591.392953372406
41,31,-640.6666415241,-580.602965847598
42,1,3.30861556264003,15.3213506979405
42,2,-125.644819760628,-113.632084625328
42,3,-141.358048534201,-117.3325782636
42,4,-27.6867339313519,-15.6739987960514
42,5,-215.392276831648,-191.366806561047
42,6,-150.710396416911,-126.68492614631
42,7,-282.641720798802,-246.6035153929
42,8,1.34995923289153,13.362694368192
42,9,4.79765854092003,28.823128811521
42,10,-123.623381924352,-99.5979116537507
42,11,-234.528772350927,-198.490566945025
42,12,-65.0859229771488,-41.0604527065478
42,13,-434.836248413792,-398.79804300789
42,14,-299.254126301445,-263.215920895543
42,15,-566.782495717287,-518.731555176085
42,16,-202.209171819916,-190.196436684616
42,17,-362.634573652302,-338.609103381701
42,18,-247.204023524054,-223.178553253453
42,19,-390.178094265383,-354.139888859482
42,20,-403.279798678397,-379.254328407796
42,21,-409.842552997883,-373.804347591982
42,22,-404.544756605879,-368.506551199977
42,23,-428.078507484306,-380.027566943104
42,24,-736.996639466142,-712.971169195541
42,25,-733.749278790156,-697.711073384255
42,26,-733.214319008188,-697.176113602287
42,27,-735.529980481424,-687.479039940222
42,28,-735.351621850135,-699.313416444233
42,29,-732.833723376837,-684.782782835635
42,30,-734.012809307098,-685.961868765896
42,31,-734.502637485449,-674.438961808946
43,1,-5.55303408581692,6.45970104948357
43,2,-107.450719763934,-95.4379846286335
43,3,-130.830952489571,-106.80548221897
43,4,-33.7541451945327,-21.7414100592322
43,5,-232.771826688542,-208.746356417941
43,6,-142.991355369628,-118.965885099027
43,7,-370.741965613205,-334.703760207303
43,8,-7.99494439830286,4.01779073699763
43,9,-14.4162124135089,9.60925785709212
43,10,-117.277032730381,-93.2515624597802
43,11,-158.036829771859,-121.998624365958
43,12,-45.8337786228949,-21.8083083522939
43,13,-358.591288207741,-322.553082801839
43,14,-209.077173878872,-173.03896847297
43,15,-569.29417549278,-521.243234951578
43,16,-219.625741837918,-207.613006702618
43,17,-411.616977507144,-387.591507236543
43,18,-259.403395609946,-235.377925339345
43,19,-464.266138844675,-428.227933438774
43,20,-465.652156387966,-441.626686117365
43,21,-476.805155986687,-440.766950580786
43,22,-473.669492132508,-437.631286726607
43,23,-478.542809020343,-430.491868479141
43,24,-704.596417952748,-680.570947682147
43,25,-701.222640119539,-665.184434713637
43,26,-701.266924888711,-665.22871948281
43,27,-697.418417585727,-649.367477044525
43,28,-701.128438258543,-665.090232852641
43,29,-697.542650025767,-649.491709484565
43,30,-697.551941764563,-649.501001223361
43,31,-694.299916817038,-634.236241140536
44,1,-6.7510475236291,5.26168761167139
44,2,-164.421583656135,-152.408848520834
44,3,-191.865018440492,-167.839548169891
44,4,-34.7898247795127,-22.7770896442122
44,5,-274.283100209746,-250.257629939145
44,6,-200.773368239744,-176.747897969143
44,7,-347.057520376042,-311.019314970141
44,8,-9.24476680406835,2.76796833123214
44,9,-18.3617973249816,5.66367294561939
44,10,-181.392233466363,-157.366763195762
44,11,-247.103446583269,-211.065241177367
44,12,-47.0379746496632,-23.0125043790622
44,13,-421.768853416464,-385.730648010562
44,14,-293.898461820012,-257.86025641411
44,15,-545.077408328963,-497.026467787761
44,16,-213.084375310319,-201.071640175019
44,17,-414.371435119882,-390.345964849281
44,18,-287.249315107383,-263.223844836782
44,19,-433.995849102573,-397.957643696672
44,20,-445.092979639591,-421.06750936899
44,21,-444.269077890216,-408.230872484314
44,22,-442.96086227964,-406.922656873738
44,23,-449.549724885498,-401.498784344296
44,24,-675.219071390037,-651.193601119436
44,25,-673.442225592675,-637.404020186774
44,26,-676.694924879548,-640.656719473646
44,27,-675.606934231789,-627.555993690587
44,28,-671.828417298703,-635.790211892801
44,29,-674.123730229555,-626.072789688354
44,30,-675.208614035654,-627.157673494453
44,31,-672.674701181007,-612.611025504504
45,1,0.0694004021455634,12.0821355374461
45,2,-116.551643147999,-104.538908012699
45,3,-131.777679419884,-107.752209149283
45,4,-27.2776064522645,-15.264871316964
45,5,-247.17966220739,-223.154191936789
45,6,-144.17746974661,-120.151999476009
45,7,-388.774744186201,-352.7365387803
45,8,-8.83658886753396,3.17614626776653
45,9,-22.8579498214844,1.16752044911659
45,10,-117.249245650367,-93.2237753797662
45,11,-157.110660721098,-121.072455315197
45,12,-34.0296042768434,-10.0041340062424
45,13,-393.835924793207,-357.797719387306
45,14,-218.018124861254,-181.979919455353
45,15,-613.25897150321,-565.208030962008
45,16,-223.43903914204,-211.426304006739
45,17,-431.605362350233,-407.579892079632
45,18,-266.331600541037,-242.306130270436
45,19,-485.004327153504,-448.966121747602
45,20,-487.028625536467,-463.003155265866
45,21,-496.510813744207,-460.472608338306
45,22,-493.97858205909,-457.940376653188
45,23,-497.645630937546,-449.594690396344
45,24,-744.555469503527,-720.529999232926
45,25,-741.619988033831,-705.58178262793
45,26,-740.777317526554,-704.739112120653
45,27,-738.412129554712,-690.36118901351
45,28,-742.021958064804,-705.983752658903
45,29,-738.239791562416,-690.188851021215
45,30,-738.098981550613,-690.048041009411
45,31,-737.578653855144,-677.514978178641
46,1,1.65417398566888,13.6669091209694
46,2,-34.4592090041981,-22.4464738688976
46,3,-47.1906775120686,-23.1652072414676
46,4,-30.7408273959377,-18.7280922606372
46,5,-172.773138033391,-148.74766776279
46,6,-71.1792552410907,-47.1537849704897
46,7,-343.378202139617,-307.339996733715
46,8,-7.31250431521375,4.70023082008675
46,9,-9.10584560996499,14.919624660636
46,10,-40.1784373685104,-16.1529670979094
46,11,-49.5496379330818,-13.5114325271803
46,12,-41.2463908367305,-17.2209205661296
46,13,-276.767038455845,-240.728833049944
46,14,-109.483180208143,-73.4449748022417
46,15,-543.18062513725,-495.129684596048
46,16,-208.358503713057,-196.345768577756
46,17,-353.502967811101,-329.4774975405
46,18,-217.648059295263,-193.622589024662
46,19,-418.558953990208,-382.520748584306
46,20,-415.815663147347,-391.790192876746
46,21,-426.346389897733,-390.308184491831
46,22,-425.130569935363,-389.092364529462
46,23,-427.087952728251,-379.037012187049
46,24,-650.380129520403,-626.354659249802
46,25,-646.472776457101,-610.434571051199
46,26,-647.457091430472,-611.41888602457
46,27,-646.019914164169,-597.968973622967
46,28,-646.683576100872,-610.64537069497
46,29,-643.234755831459,-595.183815290257
46,30,-644.499349165257,-596.448408624055
46,31,-645.309437585912,-585.245761909409
47,1,2.11884436728358,14.1315795025841
47,2,-183.686657149743,-171.673922014442
47,3,-197.17362370977,-173.148153439169
47,4,-32.2194228653676,-20.2066877300671
47,5,-307.790614024252,-283.765143753651
47,6,-207.862178254795,-183.836707984194
47,7,-400.974146282968,-364.935940877067
47,8,-15.4240580810483,-3.41132294574779
47,9,-43.8644815968231,-19.8390113262221
47,10,-182.573047483093,-158.547577212492
47,11,-232.80016820815,-196.761962802249
47,12,-32.719539904744,-8.69406963414301
47,13,-458.440376308217,-422.402170902316
47,14,-289.934004121328,-253.895798715427
47,15,-608.787215517019,-560.736274975817
47,16,-247.46699988336,-235.454264748059
47,17,-479.794574848322,-455.769104577721
47,18,-318.240727690576,-294.215257419975
47,19,-512.110487220624,-476.072281814722
47,20,-525.014412976197,-500.988942705596
47,21,-526.801381118524,-490.763175712622
47,22,-524.392278774533,-488.354073368632
47,23,-529.862356790976,-481.811416249774
47,24,-765.099958596409,-741.074488325808
47,25,-765.736297087905,-729.698091682003
47,26,-764.676380213545,-728.638174807643
47,27,-762.140907274774,-714.089966733572
47,28,-764.664857019397,-728.626651613495
47,29,-761.798736491715,-713.747795950513
47,30,-761.804423162808,-713.753482621606
47,31,-759.106693875473,-699.043018198971
48,1,-0.677848839621126,11.3348862956794
48,2,-97.3774384402445,-85.364703304944
48,3,-103.276107226363,-79.2506369557622
48,4,-13.6152067691532,-1.60247163385266
48,5,-187.098739222702,-163.073268952101
48,6,-110.71280769022,-86.6873374196189
48,7,-298.597654068518,-262.559448662617
48,8,-0.372506738465617,11.6402283968349
48,9,-0.384802453754832,23.6406678168462
48,10,-96.3153188093955,-72.2898485387945
48,11,-155.716406107819,-119.678200701917
48,12,-40.5446328328596,-16.5191625622586
48,13,-365.963032297105,-329.924826891203
48,14,-215.101382833079,-179.063177427177
48,15,-560.31731715251,-512.266376611308
48,16,-164.463751891682,-152.451016756381
48,17,-337.490352876786,-313.464882606185
48,18,-204.608453650962,-180.582983380361
48,19,-391.217475063599,-355.179269657697
48,20,-389.753982028695,-365.728511758094
48,21,-405.427574000722,-369.389368594821
48,22,-402.170507891397,-366.132302485495
48,23,-405.655229834543,-357.604289293341
48,24,-690.949768316209,-666.924298045608
48,25,-693.891060620663,-657.852855214762
48,26,-695.30611967503,-659.267914269129
48,27,-694.481078324538,-646.430137783336
48,28,-692.67897246904,-656.640767063139
48,29,-695.149333880648,-647.098393339446
48,30,-695.378903327295,-647.327962786093
48,31,-692.272050888064,-632.208375211561
49,1,-0.145553926764242,11.8671812085363
49,2,-67.2736690731095,-55.2609339378091
49,3,-85.950975522891,-61.92550525229
49,4,-29.6196778750249,-17.6069427397244
49,5,-176.646589876665,-152.621119606064
49,6,-99.2557886617738,-75.2303183911729
49,7,-291.191974631069,-255.153769225168
49,8,-4.48906291690471,7.52367221839578
49,9,-4.13122363937347,19.8942466312275
49,10,-67.3974481379432,-43.3719778673422
49,11,-109.949887217553,-73.9116818116511
49,12,-46.1677131183566,-22.1422428477556
49,13,-302.026965988658,-265.988760582756
49,14,-165.601710254991,-129.56350484909
49,15,-491.211069005195,-443.160128463993
49,16,-199.334485995325,-187.321750860025
49,17,-338.88561601658,-314.860145745979
49,18,-217.592631689214,-193.567161418613
49,19,-386.30244767886,-350.264242272959
49,20,-388.054940124247,-364.029469853646
49,21,-400.997061314343,-364.958855908441
49,22,-396.546253186126,-360.508047780224
49,23,-406.207187336915,-358.156246795713
49,24,-638.481529760708,-614.456059490107
49,25,-637.245244089497,-601.207038683596
49,26,-635.470295254384,-599.432089848483
49,27,-635.304953667526,-587.254013126324
49,28,-637.637341834828,-601.599136428926
49,29,-633.727015664235,-585.676075123033
49,30,-633.838475756032,-585.78753521483
49,31,-633.535955108748,-573.472279432245
50,1,-5.80712479989044,6.20561033541005
50,2,-211.349815990034,-199.337080854734
50,3,-235.645943024316,-211.620472753715
50,4,-58.5438855825509,-46.5311504472504
50,5,-332.201163299404,-308.175693028803
50,6,-244.59821763304,-220.572747362439
50,7,-416.828437964308,-380.790232558407
50,8,-27.4301278921788,-15.4173927568783
50,9,-41.2055280225377,-17.1800577519367
50,10,-215.891285365434,-191.865815094833
50,11,-295.793142433783,-259.754937027882
50,12,-65.1535498308918,-41.1280795602908
50,13,-507.869460620349,-471.831255214448
50,14,-352.46553954093,-316.427334135029
50,15,-645.364044542594,-597.313104001392
50,16,-269.929597376087,-257.916862240787
50,17,-474.660927544025,-450.635457273424
50,18,-335.009055320213,-310.983585049612
50,19,-497.583813236211,-461.54560783031
50,20,-505.7842067877,-481.758736517099
50,21,-505.915330580758,-469.877125174856
50,22,-504.490257826588,-468.452052420686
50,23,-504.3967254025,-456.345784861298
50,24,-752.246806388675,-728.221336118074
50,25,-749.491818458427,-713.453613052525
50,26,-750.654049509972,-714.615844104071
50,27,-746.94460651369,-698.893665972488
50,28,-748.522257261603,-712.484051855701
50,29,-748.080131257172,-700.02919071597
50,30,-747.270702745153,-699.219762203951
50,31,-745.115162807852,-685.051487131349
